file_path,file_name,vulnerability_status,cwe_label
source\python-packages-1757595213589\source\pip\__init__.py,__init__.py,Benign,Benign
source\python-packages-1757595213589\source\pip\__main__.py,__main__.py,Benign,Benign
source\python-packages-1757595213589\source\pip\__pip-runner__.py,__pip-runner__.py,Benign,Benign
source\python-packages-1757595213589\source\pip\_internal\build_env.py,build_env.py,Benign,Benign
source\python-packages-1757595213589\source\pip\_internal\cache.py,cache.py,Benign,Benign
source\python-packages-1757595213589\source\pip\_internal\configuration.py,configuration.py,Benign,Benign
source\python-packages-1757595213589\source\pip\_internal\exceptions.py,exceptions.py,Benign,Benign
source\python-packages-1757595213589\source\pip\_internal\main.py,main.py,Benign,Benign
source\python-packages-1757595213589\source\pip\_internal\pyproject.py,pyproject.py,Benign,Benign
source\python-packages-1757595213589\source\pip\_internal\self_outdated_check.py,self_outdated_check.py,Benign,Benign
source\python-packages-1757595213589\source\pip\_internal\wheel_builder.py,wheel_builder.py,Benign,Benign
source\python-packages-1757595213589\source\pip\_internal\__init__.py,__init__.py,Benign,Benign
source\python-packages-1757595213589\source\pip\_internal\cli\autocompletion.py,autocompletion.py,Benign,Benign
source\python-packages-1757595213589\source\pip\_internal\cli\base_command.py,base_command.py,Benign,Benign
source\python-packages-1757595213589\source\pip\_internal\cli\cmdoptions.py,cmdoptions.py,Benign,Benign
source\python-packages-1757595213589\source\pip\_internal\cli\command_context.py,command_context.py,Benign,Benign
source\python-packages-1757595213589\source\pip\_internal\cli\index_command.py,index_command.py,Benign,Benign
source\python-packages-1757595213589\source\pip\_internal\cli\main.py,main.py,Benign,Benign
source\python-packages-1757595213589\source\pip\_internal\cli\main_parser.py,main_parser.py,Benign,Benign
source\python-packages-1757595213589\source\pip\_internal\cli\parser.py,parser.py,Benign,Benign
source\python-packages-1757595213589\source\pip\_internal\cli\progress_bars.py,progress_bars.py,Benign,Benign
source\python-packages-1757595213589\source\pip\_internal\cli\req_command.py,req_command.py,Benign,Benign
source\python-packages-1757595213589\source\pip\_internal\cli\spinners.py,spinners.py,Benign,Benign
source\python-packages-1757595213589\source\pip\_internal\cli\status_codes.py,status_codes.py,Benign,Benign
source\python-packages-1757595213589\source\pip\_internal\cli\__init__.py,__init__.py,Benign,Benign
source\python-packages-1757595213589\source\pip\_internal\commands\cache.py,cache.py,Benign,Benign
source\python-packages-1757595213589\source\pip\_internal\commands\check.py,check.py,Benign,Benign
source\python-packages-1757595213589\source\pip\_internal\commands\completion.py,completion.py,Benign,Benign
source\python-packages-1757595213589\source\pip\_internal\commands\configuration.py,configuration.py,Benign,Benign
source\python-packages-1757595213589\source\pip\_internal\commands\debug.py,debug.py,Benign,Benign
source\python-packages-1757595213589\source\pip\_internal\commands\download.py,download.py,Benign,Benign
source\python-packages-1757595213589\source\pip\_internal\commands\freeze.py,freeze.py,Benign,Benign
source\python-packages-1757595213589\source\pip\_internal\commands\hash.py,hash.py,Benign,Benign
source\python-packages-1757595213589\source\pip\_internal\commands\help.py,help.py,Benign,Benign
source\python-packages-1757595213589\source\pip\_internal\commands\index.py,index.py,Benign,Benign
source\python-packages-1757595213589\source\pip\_internal\commands\inspect.py,inspect.py,Benign,Benign
source\python-packages-1757595213589\source\pip\_internal\commands\install.py,install.py,Benign,Benign
source\python-packages-1757595213589\source\pip\_internal\commands\list.py,list.py,Benign,Benign
source\python-packages-1757595213589\source\pip\_internal\commands\lock.py,lock.py,Benign,Benign
source\python-packages-1757595213589\source\pip\_internal\commands\search.py,search.py,Benign,Benign
source\python-packages-1757595213589\source\pip\_internal\commands\show.py,show.py,Benign,Benign
source\python-packages-1757595213589\source\pip\_internal\commands\uninstall.py,uninstall.py,Vulnerable,CWE-94
source\python-packages-1757595213589\source\pip\_internal\commands\wheel.py,wheel.py,Benign,Benign
source\python-packages-1757595213589\source\pip\_internal\commands\__init__.py,__init__.py,Benign,Benign
source\python-packages-1757595213589\source\pip\_internal\distributions\base.py,base.py,Benign,Benign
source\python-packages-1757595213589\source\pip\_internal\distributions\installed.py,installed.py,Benign,Benign
source\python-packages-1757595213589\source\pip\_internal\distributions\sdist.py,sdist.py,Benign,Benign
source\python-packages-1757595213589\source\pip\_internal\distributions\wheel.py,wheel.py,Benign,Benign
source\python-packages-1757595213589\source\pip\_internal\distributions\__init__.py,__init__.py,Benign,Benign
source\python-packages-1757595213589\source\pip\_internal\index\collector.py,collector.py,Benign,Benign
source\python-packages-1757595213589\source\pip\_internal\index\package_finder.py,package_finder.py,Benign,Benign
source\python-packages-1757595213589\source\pip\_internal\index\sources.py,sources.py,Benign,Benign
source\python-packages-1757595213589\source\pip\_internal\index\__init__.py,__init__.py,Benign,Benign
source\python-packages-1757595213589\source\pip\_internal\locations\base.py,base.py,Benign,Benign
source\python-packages-1757595213589\source\pip\_internal\locations\_distutils.py,_distutils.py,Benign,Benign
source\python-packages-1757595213589\source\pip\_internal\locations\_sysconfig.py,_sysconfig.py,Benign,Benign
source\python-packages-1757595213589\source\pip\_internal\locations\__init__.py,__init__.py,Benign,Benign
source\python-packages-1757595213589\source\pip\_internal\metadata\base.py,base.py,Benign,Benign
source\python-packages-1757595213589\source\pip\_internal\metadata\pkg_resources.py,pkg_resources.py,Benign,Benign
source\python-packages-1757595213589\source\pip\_internal\metadata\_json.py,_json.py,Benign,Benign
source\python-packages-1757595213589\source\pip\_internal\metadata\__init__.py,__init__.py,Benign,Benign
source\python-packages-1757595213589\source\pip\_internal\metadata\importlib\_compat.py,_compat.py,Benign,Benign
source\python-packages-1757595213589\source\pip\_internal\metadata\importlib\_dists.py,_dists.py,Benign,Benign
source\python-packages-1757595213589\source\pip\_internal\metadata\importlib\_envs.py,_envs.py,Benign,Benign
source\python-packages-1757595213589\source\pip\_internal\metadata\importlib\__init__.py,__init__.py,Benign,Benign
source\python-packages-1757595213589\source\pip\_internal\models\candidate.py,candidate.py,Benign,Benign
source\python-packages-1757595213589\source\pip\_internal\models\direct_url.py,direct_url.py,Benign,Benign
source\python-packages-1757595213589\source\pip\_internal\models\format_control.py,format_control.py,Benign,Benign
source\python-packages-1757595213589\source\pip\_internal\models\index.py,index.py,Benign,Benign
source\python-packages-1757595213589\source\pip\_internal\models\installation_report.py,installation_report.py,Benign,Benign
source\python-packages-1757595213589\source\pip\_internal\models\link.py,link.py,Benign,Benign
source\python-packages-1757595213589\source\pip\_internal\models\pylock.py,pylock.py,Benign,Benign
source\python-packages-1757595213589\source\pip\_internal\models\scheme.py,scheme.py,Benign,Benign
source\python-packages-1757595213589\source\pip\_internal\models\search_scope.py,search_scope.py,Benign,Benign
source\python-packages-1757595213589\source\pip\_internal\models\selection_prefs.py,selection_prefs.py,Benign,Benign
source\python-packages-1757595213589\source\pip\_internal\models\target_python.py,target_python.py,Benign,Benign
source\python-packages-1757595213589\source\pip\_internal\models\wheel.py,wheel.py,Benign,Benign
source\python-packages-1757595213589\source\pip\_internal\models\__init__.py,__init__.py,Benign,Benign
source\python-packages-1757595213589\source\pip\_internal\network\auth.py,auth.py,Benign,Benign
source\python-packages-1757595213589\source\pip\_internal\network\cache.py,cache.py,Benign,Benign
source\python-packages-1757595213589\source\pip\_internal\network\download.py,download.py,Benign,Benign
source\python-packages-1757595213589\source\pip\_internal\network\lazy_wheel.py,lazy_wheel.py,Benign,Benign
source\python-packages-1757595213589\source\pip\_internal\network\session.py,session.py,Benign,Benign
source\python-packages-1757595213589\source\pip\_internal\network\utils.py,utils.py,Benign,Benign
source\python-packages-1757595213589\source\pip\_internal\network\xmlrpc.py,xmlrpc.py,Benign,Benign
source\python-packages-1757595213589\source\pip\_internal\network\__init__.py,__init__.py,Benign,Benign
source\python-packages-1757595213589\source\pip\_internal\operations\check.py,check.py,Benign,Benign
source\python-packages-1757595213589\source\pip\_internal\operations\freeze.py,freeze.py,Benign,Benign
source\python-packages-1757595213589\source\pip\_internal\operations\prepare.py,prepare.py,Benign,Benign
source\python-packages-1757595213589\source\pip\_internal\operations\__init__.py,__init__.py,Error,Error
source\python-packages-1757595213589\source\pip\_internal\operations\build\build_tracker.py,build_tracker.py,Benign,Benign
source\python-packages-1757595213589\source\pip\_internal\operations\build\metadata.py,metadata.py,Benign,Benign
source\python-packages-1757595213589\source\pip\_internal\operations\build\metadata_editable.py,metadata_editable.py,Benign,Benign
source\python-packages-1757595213589\source\pip\_internal\operations\build\metadata_legacy.py,metadata_legacy.py,Benign,Benign
source\python-packages-1757595213589\source\pip\_internal\operations\build\wheel.py,wheel.py,Benign,Benign
source\python-packages-1757595213589\source\pip\_internal\operations\build\wheel_editable.py,wheel_editable.py,Benign,Benign
source\python-packages-1757595213589\source\pip\_internal\operations\build\wheel_legacy.py,wheel_legacy.py,Benign,Benign
source\python-packages-1757595213589\source\pip\_internal\operations\build\__init__.py,__init__.py,Error,Error
source\python-packages-1757595213589\source\pip\_internal\operations\install\editable_legacy.py,editable_legacy.py,Benign,Benign
source\python-packages-1757595213589\source\pip\_internal\operations\install\wheel.py,wheel.py,Benign,Benign
source\python-packages-1757595213589\source\pip\_internal\operations\install\__init__.py,__init__.py,Benign,Benign
source\python-packages-1757595213589\source\pip\_internal\req\constructors.py,constructors.py,Benign,Benign
source\python-packages-1757595213589\source\pip\_internal\req\req_dependency_group.py,req_dependency_group.py,Benign,Benign
source\python-packages-1757595213589\source\pip\_internal\req\req_file.py,req_file.py,Benign,Benign
source\python-packages-1757595213589\source\pip\_internal\req\req_install.py,req_install.py,Benign,Benign
source\python-packages-1757595213589\source\pip\_internal\req\req_set.py,req_set.py,Benign,Benign
source\python-packages-1757595213589\source\pip\_internal\req\req_uninstall.py,req_uninstall.py,Benign,Benign
source\python-packages-1757595213589\source\pip\_internal\req\__init__.py,__init__.py,Benign,Benign
source\python-packages-1757595213589\source\pip\_internal\resolution\base.py,base.py,Benign,Benign
source\python-packages-1757595213589\source\pip\_internal\resolution\__init__.py,__init__.py,Error,Error
source\python-packages-1757595213589\source\pip\_internal\resolution\legacy\resolver.py,resolver.py,Benign,Benign
source\python-packages-1757595213589\source\pip\_internal\resolution\legacy\__init__.py,__init__.py,Error,Error
source\python-packages-1757595213589\source\pip\_internal\resolution\resolvelib\base.py,base.py,Benign,Benign
source\python-packages-1757595213589\source\pip\_internal\resolution\resolvelib\candidates.py,candidates.py,Benign,Benign
source\python-packages-1757595213589\source\pip\_internal\resolution\resolvelib\factory.py,factory.py,Benign,Benign
source\python-packages-1757595213589\source\pip\_internal\resolution\resolvelib\found_candidates.py,found_candidates.py,Benign,Benign
source\python-packages-1757595213589\source\pip\_internal\resolution\resolvelib\provider.py,provider.py,Benign,Benign
source\python-packages-1757595213589\source\pip\_internal\resolution\resolvelib\reporter.py,reporter.py,Benign,Benign
source\python-packages-1757595213589\source\pip\_internal\resolution\resolvelib\requirements.py,requirements.py,Benign,Benign
source\python-packages-1757595213589\source\pip\_internal\resolution\resolvelib\resolver.py,resolver.py,Benign,Benign
source\python-packages-1757595213589\source\pip\_internal\resolution\resolvelib\__init__.py,__init__.py,Error,Error
source\python-packages-1757595213589\source\pip\_internal\utils\appdirs.py,appdirs.py,Benign,Benign
source\python-packages-1757595213589\source\pip\_internal\utils\compat.py,compat.py,Benign,Benign
source\python-packages-1757595213589\source\pip\_internal\utils\compatibility_tags.py,compatibility_tags.py,Benign,Benign
source\python-packages-1757595213589\source\pip\_internal\utils\datetime.py,datetime.py,Benign,Benign
source\python-packages-1757595213589\source\pip\_internal\utils\deprecation.py,deprecation.py,Benign,Benign
source\python-packages-1757595213589\source\pip\_internal\utils\direct_url_helpers.py,direct_url_helpers.py,Benign,Benign
source\python-packages-1757595213589\source\pip\_internal\utils\egg_link.py,egg_link.py,Benign,Benign
source\python-packages-1757595213589\source\pip\_internal\utils\entrypoints.py,entrypoints.py,Benign,Benign
source\python-packages-1757595213589\source\pip\_internal\utils\filesystem.py,filesystem.py,Benign,Benign
source\python-packages-1757595213589\source\pip\_internal\utils\filetypes.py,filetypes.py,Benign,Benign
source\python-packages-1757595213589\source\pip\_internal\utils\glibc.py,glibc.py,Benign,Benign
source\python-packages-1757595213589\source\pip\_internal\utils\hashes.py,hashes.py,Benign,Benign
source\python-packages-1757595213589\source\pip\_internal\utils\logging.py,logging.py,Benign,Benign
source\python-packages-1757595213589\source\pip\_internal\utils\misc.py,misc.py,Benign,Benign
source\python-packages-1757595213589\source\pip\_internal\utils\packaging.py,packaging.py,Benign,Benign
source\python-packages-1757595213589\source\pip\_internal\utils\retry.py,retry.py,Benign,Benign
source\python-packages-1757595213589\source\pip\_internal\utils\setuptools_build.py,setuptools_build.py,Benign,Benign
source\python-packages-1757595213589\source\pip\_internal\utils\subprocess.py,subprocess.py,Benign,Benign
source\python-packages-1757595213589\source\pip\_internal\utils\temp_dir.py,temp_dir.py,Benign,Benign
source\python-packages-1757595213589\source\pip\_internal\utils\unpacking.py,unpacking.py,Benign,Benign
source\python-packages-1757595213589\source\pip\_internal\utils\urls.py,urls.py,Benign,Benign
source\python-packages-1757595213589\source\pip\_internal\utils\virtualenv.py,virtualenv.py,Benign,Benign
source\python-packages-1757595213589\source\pip\_internal\utils\wheel.py,wheel.py,Benign,Benign
source\python-packages-1757595213589\source\pip\_internal\utils\_jaraco_text.py,_jaraco_text.py,Benign,Benign
source\python-packages-1757595213589\source\pip\_internal\utils\_log.py,_log.py,Benign,Benign
source\python-packages-1757595213589\source\pip\_internal\utils\__init__.py,__init__.py,Error,Error
source\python-packages-1757595213589\source\pip\_internal\vcs\bazaar.py,bazaar.py,Benign,Benign
source\python-packages-1757595213589\source\pip\_internal\vcs\git.py,git.py,Benign,Benign
source\python-packages-1757595213589\source\pip\_internal\vcs\mercurial.py,mercurial.py,Benign,Benign
source\python-packages-1757595213589\source\pip\_internal\vcs\subversion.py,subversion.py,Benign,Benign
source\python-packages-1757595213589\source\pip\_internal\vcs\versioncontrol.py,versioncontrol.py,Benign,Benign
source\python-packages-1757595213589\source\pip\_internal\vcs\__init__.py,__init__.py,Vulnerable,CWE-89
source\python-packages-1757595213589\source\pip\_vendor\__init__.py,__init__.py,Benign,Benign
source\python-packages-1757595213589\source\pip\_vendor\cachecontrol\adapter.py,adapter.py,Benign,Benign
source\python-packages-1757595213589\source\pip\_vendor\cachecontrol\cache.py,cache.py,Benign,Benign
source\python-packages-1757595213589\source\pip\_vendor\cachecontrol\controller.py,controller.py,Benign,Benign
source\python-packages-1757595213589\source\pip\_vendor\cachecontrol\filewrapper.py,filewrapper.py,Benign,Benign
source\python-packages-1757595213589\source\pip\_vendor\cachecontrol\heuristics.py,heuristics.py,Benign,Benign
source\python-packages-1757595213589\source\pip\_vendor\cachecontrol\serialize.py,serialize.py,Benign,Benign
source\python-packages-1757595213589\source\pip\_vendor\cachecontrol\wrapper.py,wrapper.py,Benign,Benign
source\python-packages-1757595213589\source\pip\_vendor\cachecontrol\_cmd.py,_cmd.py,Benign,Benign
source\python-packages-1757595213589\source\pip\_vendor\cachecontrol\__init__.py,__init__.py,Benign,Benign
source\python-packages-1757595213589\source\pip\_vendor\cachecontrol\caches\file_cache.py,file_cache.py,Benign,Benign
source\python-packages-1757595213589\source\pip\_vendor\cachecontrol\caches\redis_cache.py,redis_cache.py,Benign,Benign
source\python-packages-1757595213589\source\pip\_vendor\cachecontrol\caches\__init__.py,__init__.py,Vulnerable,CWE-89
source\python-packages-1757595213589\source\pip\_vendor\certifi\core.py,core.py,Benign,Benign
source\python-packages-1757595213589\source\pip\_vendor\certifi\__init__.py,__init__.py,Vulnerable,CWE-89
source\python-packages-1757595213589\source\pip\_vendor\certifi\__main__.py,__main__.py,Benign,Benign
source\python-packages-1757595213589\source\pip\_vendor\dependency_groups\_implementation.py,_implementation.py,Benign,Benign
source\python-packages-1757595213589\source\pip\_vendor\dependency_groups\_lint_dependency_groups.py,_lint_dependency_groups.py,Benign,Benign
source\python-packages-1757595213589\source\pip\_vendor\dependency_groups\_pip_wrapper.py,_pip_wrapper.py,Benign,Benign
source\python-packages-1757595213589\source\pip\_vendor\dependency_groups\_toml_compat.py,_toml_compat.py,Benign,Benign
source\python-packages-1757595213589\source\pip\_vendor\dependency_groups\__init__.py,__init__.py,Vulnerable,CWE-89
source\python-packages-1757595213589\source\pip\_vendor\dependency_groups\__main__.py,__main__.py,Benign,Benign
source\python-packages-1757595213589\source\pip\_vendor\distlib\compat.py,compat.py,Benign,Benign
source\python-packages-1757595213589\source\pip\_vendor\distlib\resources.py,resources.py,Benign,Benign
source\python-packages-1757595213589\source\pip\_vendor\distlib\scripts.py,scripts.py,Benign,Benign
source\python-packages-1757595213589\source\pip\_vendor\distlib\util.py,util.py,Benign,Benign
source\python-packages-1757595213589\source\pip\_vendor\distlib\__init__.py,__init__.py,Benign,Benign
source\python-packages-1757595213589\source\pip\_vendor\distro\distro.py,distro.py,Benign,Benign
source\python-packages-1757595213589\source\pip\_vendor\distro\__init__.py,__init__.py,Benign,Benign
source\python-packages-1757595213589\source\pip\_vendor\distro\__main__.py,__main__.py,Benign,Benign
source\python-packages-1757595213589\source\pip\_vendor\idna\codec.py,codec.py,Benign,Benign
source\python-packages-1757595213589\source\pip\_vendor\idna\compat.py,compat.py,Benign,Benign
source\python-packages-1757595213589\source\pip\_vendor\idna\core.py,core.py,Benign,Benign
source\python-packages-1757595213589\source\pip\_vendor\idna\idnadata.py,idnadata.py,Benign,Benign
source\python-packages-1757595213589\source\pip\_vendor\idna\intranges.py,intranges.py,Benign,Benign
source\python-packages-1757595213589\source\pip\_vendor\idna\package_data.py,package_data.py,Vulnerable,CWE-89
source\python-packages-1757595213589\source\pip\_vendor\idna\uts46data.py,uts46data.py,Benign,Benign
source\python-packages-1757595213589\source\pip\_vendor\idna\__init__.py,__init__.py,Benign,Benign
source\python-packages-1757595213589\source\pip\_vendor\msgpack\exceptions.py,exceptions.py,Benign,Benign
source\python-packages-1757595213589\source\pip\_vendor\msgpack\ext.py,ext.py,Benign,Benign
source\python-packages-1757595213589\source\pip\_vendor\msgpack\fallback.py,fallback.py,Benign,Benign
source\python-packages-1757595213589\source\pip\_vendor\msgpack\__init__.py,__init__.py,Benign,Benign
source\python-packages-1757595213589\source\pip\_vendor\packaging\markers.py,markers.py,Benign,Benign
source\python-packages-1757595213589\source\pip\_vendor\packaging\metadata.py,metadata.py,Benign,Benign
source\python-packages-1757595213589\source\pip\_vendor\packaging\requirements.py,requirements.py,Benign,Benign
source\python-packages-1757595213589\source\pip\_vendor\packaging\specifiers.py,specifiers.py,Benign,Benign
source\python-packages-1757595213589\source\pip\_vendor\packaging\tags.py,tags.py,Benign,Benign
source\python-packages-1757595213589\source\pip\_vendor\packaging\utils.py,utils.py,Benign,Benign
source\python-packages-1757595213589\source\pip\_vendor\packaging\version.py,version.py,Benign,Benign
source\python-packages-1757595213589\source\pip\_vendor\packaging\_elffile.py,_elffile.py,Benign,Benign
source\python-packages-1757595213589\source\pip\_vendor\packaging\_manylinux.py,_manylinux.py,Benign,Benign
source\python-packages-1757595213589\source\pip\_vendor\packaging\_musllinux.py,_musllinux.py,Benign,Benign
source\python-packages-1757595213589\source\pip\_vendor\packaging\_parser.py,_parser.py,Benign,Benign
source\python-packages-1757595213589\source\pip\_vendor\packaging\_structures.py,_structures.py,Benign,Benign
source\python-packages-1757595213589\source\pip\_vendor\packaging\_tokenizer.py,_tokenizer.py,Benign,Benign
source\python-packages-1757595213589\source\pip\_vendor\packaging\__init__.py,__init__.py,Vulnerable,CWE-538
source\python-packages-1757595213589\source\pip\_vendor\packaging\licenses\_spdx.py,_spdx.py,Benign,Benign
source\python-packages-1757595213589\source\pip\_vendor\packaging\licenses\__init__.py,__init__.py,Benign,Benign
source\python-packages-1757595213589\source\pip\_vendor\pkg_resources\__init__.py,__init__.py,Benign,Benign
source\python-packages-1757595213589\source\pip\_vendor\platformdirs\android.py,android.py,Benign,Benign
source\python-packages-1757595213589\source\pip\_vendor\platformdirs\api.py,api.py,Benign,Benign
source\python-packages-1757595213589\source\pip\_vendor\platformdirs\macos.py,macos.py,Benign,Benign
source\python-packages-1757595213589\source\pip\_vendor\platformdirs\unix.py,unix.py,Benign,Benign
source\python-packages-1757595213589\source\pip\_vendor\platformdirs\version.py,version.py,Benign,Benign
source\python-packages-1757595213589\source\pip\_vendor\platformdirs\windows.py,windows.py,Benign,Benign
source\python-packages-1757595213589\source\pip\_vendor\platformdirs\__init__.py,__init__.py,Benign,Benign
source\python-packages-1757595213589\source\pip\_vendor\platformdirs\__main__.py,__main__.py,Benign,Benign
source\python-packages-1757595213589\source\pip\_vendor\pygments\console.py,console.py,Benign,Benign
source\python-packages-1757595213589\source\pip\_vendor\pygments\filter.py,filter.py,Benign,Benign
source\python-packages-1757595213589\source\pip\_vendor\pygments\formatter.py,formatter.py,Benign,Benign
source\python-packages-1757595213589\source\pip\_vendor\pygments\lexer.py,lexer.py,Benign,Benign
source\python-packages-1757595213589\source\pip\_vendor\pygments\modeline.py,modeline.py,Benign,Benign
source\python-packages-1757595213589\source\pip\_vendor\pygments\plugin.py,plugin.py,Benign,Benign
source\python-packages-1757595213589\source\pip\_vendor\pygments\regexopt.py,regexopt.py,Benign,Benign
source\python-packages-1757595213589\source\pip\_vendor\pygments\scanner.py,scanner.py,Benign,Benign
source\python-packages-1757595213589\source\pip\_vendor\pygments\sphinxext.py,sphinxext.py,Benign,Benign
source\python-packages-1757595213589\source\pip\_vendor\pygments\style.py,style.py,Benign,Benign
source\python-packages-1757595213589\source\pip\_vendor\pygments\token.py,token.py,Benign,Benign
source\python-packages-1757595213589\source\pip\_vendor\pygments\unistring.py,unistring.py,Benign,Benign
source\python-packages-1757595213589\source\pip\_vendor\pygments\util.py,util.py,Benign,Benign
source\python-packages-1757595213589\source\pip\_vendor\pygments\__init__.py,__init__.py,Benign,Benign
source\python-packages-1757595213589\source\pip\_vendor\pygments\__main__.py,__main__.py,Benign,Benign
source\python-packages-1757595213589\source\pip\_vendor\pygments\filters\__init__.py,__init__.py,Benign,Benign
source\python-packages-1757595213589\source\pip\_vendor\pygments\formatters\_mapping.py,_mapping.py,Benign,Benign
source\python-packages-1757595213589\source\pip\_vendor\pygments\formatters\__init__.py,__init__.py,Benign,Benign
source\python-packages-1757595213589\source\pip\_vendor\pygments\lexers\python.py,python.py,Benign,Benign
source\python-packages-1757595213589\source\pip\_vendor\pygments\lexers\_mapping.py,_mapping.py,Benign,Benign
source\python-packages-1757595213589\source\pip\_vendor\pygments\lexers\__init__.py,__init__.py,Benign,Benign
source\python-packages-1757595213589\source\pip\_vendor\pygments\styles\_mapping.py,_mapping.py,Vulnerable,CWE-77
source\python-packages-1757595213589\source\pip\_vendor\pygments\styles\__init__.py,__init__.py,Vulnerable,CWE-538
source\python-packages-1757595213589\source\pip\_vendor\pyproject_hooks\_impl.py,_impl.py,Benign,Benign
source\python-packages-1757595213589\source\pip\_vendor\pyproject_hooks\__init__.py,__init__.py,Benign,Benign
source\python-packages-1757595213589\source\pip\_vendor\pyproject_hooks\_in_process\_in_process.py,_in_process.py,Benign,Benign
source\python-packages-1757595213589\source\pip\_vendor\pyproject_hooks\_in_process\__init__.py,__init__.py,Benign,Benign
source\python-packages-1757595213589\source\pip\_vendor\requests\adapters.py,adapters.py,Vulnerable,CWE-538
source\python-packages-1757595213589\source\pip\_vendor\requests\api.py,api.py,Benign,Benign
source\python-packages-1757595213589\source\pip\_vendor\requests\auth.py,auth.py,Benign,Benign
source\python-packages-1757595213589\source\pip\_vendor\requests\certs.py,certs.py,Benign,Benign
source\python-packages-1757595213589\source\pip\_vendor\requests\compat.py,compat.py,Benign,Benign
source\python-packages-1757595213589\source\pip\_vendor\requests\cookies.py,cookies.py,Benign,Benign
source\python-packages-1757595213589\source\pip\_vendor\requests\exceptions.py,exceptions.py,Benign,Benign
source\python-packages-1757595213589\source\pip\_vendor\requests\help.py,help.py,Benign,Benign
source\python-packages-1757595213589\source\pip\_vendor\requests\hooks.py,hooks.py,Benign,Benign
source\python-packages-1757595213589\source\pip\_vendor\requests\models.py,models.py,Benign,Benign
source\python-packages-1757595213589\source\pip\_vendor\requests\packages.py,packages.py,Benign,Benign
source\python-packages-1757595213589\source\pip\_vendor\requests\sessions.py,sessions.py,Benign,Benign
source\python-packages-1757595213589\source\pip\_vendor\requests\status_codes.py,status_codes.py,Vulnerable,CWE-538
source\python-packages-1757595213589\source\pip\_vendor\requests\structures.py,structures.py,Benign,Benign
source\python-packages-1757595213589\source\pip\_vendor\requests\utils.py,utils.py,Benign,Benign
source\python-packages-1757595213589\source\pip\_vendor\requests\_internal_utils.py,_internal_utils.py,Benign,Benign
source\python-packages-1757595213589\source\pip\_vendor\requests\__init__.py,__init__.py,Benign,Benign
source\python-packages-1757595213589\source\pip\_vendor\requests\__version__.py,__version__.py,Vulnerable,CWE-79
source\python-packages-1757595213589\source\pip\_vendor\resolvelib\providers.py,providers.py,Benign,Benign
source\python-packages-1757595213589\source\pip\_vendor\resolvelib\reporters.py,reporters.py,Benign,Benign
source\python-packages-1757595213589\source\pip\_vendor\resolvelib\structs.py,structs.py,Benign,Benign
source\python-packages-1757595213589\source\pip\_vendor\resolvelib\__init__.py,__init__.py,Benign,Benign
source\python-packages-1757595213589\source\pip\_vendor\resolvelib\resolvers\abstract.py,abstract.py,Benign,Benign
source\python-packages-1757595213589\source\pip\_vendor\resolvelib\resolvers\criterion.py,criterion.py,Benign,Benign
source\python-packages-1757595213589\source\pip\_vendor\resolvelib\resolvers\exceptions.py,exceptions.py,Benign,Benign
source\python-packages-1757595213589\source\pip\_vendor\resolvelib\resolvers\resolution.py,resolution.py,Benign,Benign
source\python-packages-1757595213589\source\pip\_vendor\resolvelib\resolvers\__init__.py,__init__.py,Vulnerable,CWE-89
source\python-packages-1757595213589\source\pip\_vendor\rich\abc.py,abc.py,Benign,Benign
source\python-packages-1757595213589\source\pip\_vendor\rich\align.py,align.py,Benign,Benign
source\python-packages-1757595213589\source\pip\_vendor\rich\ansi.py,ansi.py,Benign,Benign
source\python-packages-1757595213589\source\pip\_vendor\rich\bar.py,bar.py,Benign,Benign
source\python-packages-1757595213589\source\pip\_vendor\rich\box.py,box.py,Benign,Benign
source\python-packages-1757595213589\source\pip\_vendor\rich\cells.py,cells.py,Benign,Benign
source\python-packages-1757595213589\source\pip\_vendor\rich\color.py,color.py,Benign,Benign
source\python-packages-1757595213589\source\pip\_vendor\rich\color_triplet.py,color_triplet.py,Benign,Benign
source\python-packages-1757595213589\source\pip\_vendor\rich\columns.py,columns.py,Benign,Benign
source\python-packages-1757595213589\source\pip\_vendor\rich\console.py,console.py,Benign,Benign
source\python-packages-1757595213589\source\pip\_vendor\rich\constrain.py,constrain.py,Benign,Benign
source\python-packages-1757595213589\source\pip\_vendor\rich\containers.py,containers.py,Benign,Benign
source\python-packages-1757595213589\source\pip\_vendor\rich\control.py,control.py,Benign,Benign
source\python-packages-1757595213589\source\pip\_vendor\rich\default_styles.py,default_styles.py,Benign,Benign
source\python-packages-1757595213589\source\pip\_vendor\rich\diagnose.py,diagnose.py,Benign,Benign
source\python-packages-1757595213589\source\pip\_vendor\rich\emoji.py,emoji.py,Benign,Benign
source\python-packages-1757595213589\source\pip\_vendor\rich\errors.py,errors.py,Benign,Benign
source\python-packages-1757595213589\source\pip\_vendor\rich\filesize.py,filesize.py,Benign,Benign
source\python-packages-1757595213589\source\pip\_vendor\rich\file_proxy.py,file_proxy.py,Benign,Benign
source\python-packages-1757595213589\source\pip\_vendor\rich\highlighter.py,highlighter.py,Benign,Benign
source\python-packages-1757595213589\source\pip\_vendor\rich\json.py,json.py,Benign,Benign
source\python-packages-1757595213589\source\pip\_vendor\rich\jupyter.py,jupyter.py,Benign,Benign
source\python-packages-1757595213589\source\pip\_vendor\rich\layout.py,layout.py,Benign,Benign
source\python-packages-1757595213589\source\pip\_vendor\rich\live.py,live.py,Benign,Benign
source\python-packages-1757595213589\source\pip\_vendor\rich\live_render.py,live_render.py,Benign,Benign
source\python-packages-1757595213589\source\pip\_vendor\rich\logging.py,logging.py,Benign,Benign
source\python-packages-1757595213589\source\pip\_vendor\rich\markup.py,markup.py,Benign,Benign
source\python-packages-1757595213589\source\pip\_vendor\rich\measure.py,measure.py,Benign,Benign
source\python-packages-1757595213589\source\pip\_vendor\rich\padding.py,padding.py,Benign,Benign
source\python-packages-1757595213589\source\pip\_vendor\rich\pager.py,pager.py,Benign,Benign
source\python-packages-1757595213589\source\pip\_vendor\rich\palette.py,palette.py,Benign,Benign
source\python-packages-1757595213589\source\pip\_vendor\rich\panel.py,panel.py,Benign,Benign
source\python-packages-1757595213589\source\pip\_vendor\rich\pretty.py,pretty.py,Benign,Benign
source\python-packages-1757595213589\source\pip\_vendor\rich\progress.py,progress.py,Benign,Benign
source\python-packages-1757595213589\source\pip\_vendor\rich\progress_bar.py,progress_bar.py,Benign,Benign
source\python-packages-1757595213589\source\pip\_vendor\rich\prompt.py,prompt.py,Benign,Benign
source\python-packages-1757595213589\source\pip\_vendor\rich\protocol.py,protocol.py,Benign,Benign
source\python-packages-1757595213589\source\pip\_vendor\rich\region.py,region.py,Benign,Benign
source\python-packages-1757595213589\source\pip\_vendor\rich\repr.py,repr.py,Benign,Benign
source\python-packages-1757595213589\source\pip\_vendor\rich\rule.py,rule.py,Benign,Benign
source\python-packages-1757595213589\source\pip\_vendor\rich\scope.py,scope.py,Benign,Benign
source\python-packages-1757595213589\source\pip\_vendor\rich\screen.py,screen.py,Benign,Benign
source\python-packages-1757595213589\source\pip\_vendor\rich\segment.py,segment.py,Benign,Benign
source\python-packages-1757595213589\source\pip\_vendor\rich\spinner.py,spinner.py,Benign,Benign
source\python-packages-1757595213589\source\pip\_vendor\rich\status.py,status.py,Benign,Benign
source\python-packages-1757595213589\source\pip\_vendor\rich\style.py,style.py,Benign,Benign
source\python-packages-1757595213589\source\pip\_vendor\rich\styled.py,styled.py,Benign,Benign
source\python-packages-1757595213589\source\pip\_vendor\rich\syntax.py,syntax.py,Benign,Benign
source\python-packages-1757595213589\source\pip\_vendor\rich\table.py,table.py,Benign,Benign
source\python-packages-1757595213589\source\pip\_vendor\rich\terminal_theme.py,terminal_theme.py,Benign,Benign
source\python-packages-1757595213589\source\pip\_vendor\rich\text.py,text.py,Benign,Benign
source\python-packages-1757595213589\source\pip\_vendor\rich\theme.py,theme.py,Benign,Benign
source\python-packages-1757595213589\source\pip\_vendor\rich\themes.py,themes.py,Benign,Benign
source\python-packages-1757595213589\source\pip\_vendor\rich\traceback.py,traceback.py,Benign,Benign
source\python-packages-1757595213589\source\pip\_vendor\rich\tree.py,tree.py,Benign,Benign
source\python-packages-1757595213589\source\pip\_vendor\rich\_cell_widths.py,_cell_widths.py,Benign,Benign
source\python-packages-1757595213589\source\pip\_vendor\rich\_emoji_codes.py,_emoji_codes.py,Benign,Benign
source\python-packages-1757595213589\source\pip\_vendor\rich\_emoji_replace.py,_emoji_replace.py,Benign,Benign
source\python-packages-1757595213589\source\pip\_vendor\rich\_export_format.py,_export_format.py,Vulnerable,CWE-89
source\python-packages-1757595213589\source\pip\_vendor\rich\_extension.py,_extension.py,Benign,Benign
source\python-packages-1757595213589\source\pip\_vendor\rich\_fileno.py,_fileno.py,Benign,Benign
source\python-packages-1757595213589\source\pip\_vendor\rich\_inspect.py,_inspect.py,Benign,Benign
source\python-packages-1757595213589\source\pip\_vendor\rich\_log_render.py,_log_render.py,Benign,Benign
source\python-packages-1757595213589\source\pip\_vendor\rich\_loop.py,_loop.py,Benign,Benign
source\python-packages-1757595213589\source\pip\_vendor\rich\_null_file.py,_null_file.py,Benign,Benign
source\python-packages-1757595213589\source\pip\_vendor\rich\_palettes.py,_palettes.py,Vulnerable,CWE-77
source\python-packages-1757595213589\source\pip\_vendor\rich\_pick.py,_pick.py,Benign,Benign
source\python-packages-1757595213589\source\pip\_vendor\rich\_ratio.py,_ratio.py,Benign,Benign
source\python-packages-1757595213589\source\pip\_vendor\rich\_spinners.py,_spinners.py,Vulnerable,CWE-538
source\python-packages-1757595213589\source\pip\_vendor\rich\_stack.py,_stack.py,Benign,Benign
source\python-packages-1757595213589\source\pip\_vendor\rich\_timer.py,_timer.py,Benign,Benign
source\python-packages-1757595213589\source\pip\_vendor\rich\_win32_console.py,_win32_console.py,Benign,Benign
source\python-packages-1757595213589\source\pip\_vendor\rich\_windows.py,_windows.py,Benign,Benign
source\python-packages-1757595213589\source\pip\_vendor\rich\_windows_renderer.py,_windows_renderer.py,Benign,Benign
source\python-packages-1757595213589\source\pip\_vendor\rich\_wrap.py,_wrap.py,Benign,Benign
source\python-packages-1757595213589\source\pip\_vendor\rich\__init__.py,__init__.py,Benign,Benign
source\python-packages-1757595213589\source\pip\_vendor\rich\__main__.py,__main__.py,Benign,Benign
source\python-packages-1757595213589\source\pip\_vendor\tomli\_parser.py,_parser.py,Benign,Benign
source\python-packages-1757595213589\source\pip\_vendor\tomli\_re.py,_re.py,Benign,Benign
source\python-packages-1757595213589\source\pip\_vendor\tomli\_types.py,_types.py,Benign,Benign
source\python-packages-1757595213589\source\pip\_vendor\tomli\__init__.py,__init__.py,Benign,Benign
source\python-packages-1757595213589\source\pip\_vendor\tomli_w\_writer.py,_writer.py,Benign,Benign
source\python-packages-1757595213589\source\pip\_vendor\tomli_w\__init__.py,__init__.py,Benign,Benign
source\python-packages-1757595213589\source\pip\_vendor\truststore\_api.py,_api.py,Benign,Benign
source\python-packages-1757595213589\source\pip\_vendor\truststore\_macos.py,_macos.py,Benign,Benign
source\python-packages-1757595213589\source\pip\_vendor\truststore\_openssl.py,_openssl.py,Benign,Benign
source\python-packages-1757595213589\source\pip\_vendor\truststore\_ssl_constants.py,_ssl_constants.py,Benign,Benign
source\python-packages-1757595213589\source\pip\_vendor\truststore\_windows.py,_windows.py,Benign,Benign
source\python-packages-1757595213589\source\pip\_vendor\truststore\__init__.py,__init__.py,Benign,Benign
source\python-packages-1757595213589\source\pip\_vendor\urllib3\connection.py,connection.py,Benign,Benign
source\python-packages-1757595213589\source\pip\_vendor\urllib3\connectionpool.py,connectionpool.py,Benign,Benign
source\python-packages-1757595213589\source\pip\_vendor\urllib3\exceptions.py,exceptions.py,Benign,Benign
source\python-packages-1757595213589\source\pip\_vendor\urllib3\fields.py,fields.py,Benign,Benign
source\python-packages-1757595213589\source\pip\_vendor\urllib3\filepost.py,filepost.py,Benign,Benign
source\python-packages-1757595213589\source\pip\_vendor\urllib3\poolmanager.py,poolmanager.py,Benign,Benign
source\python-packages-1757595213589\source\pip\_vendor\urllib3\request.py,request.py,Benign,Benign
source\python-packages-1757595213589\source\pip\_vendor\urllib3\response.py,response.py,Benign,Benign
source\python-packages-1757595213589\source\pip\_vendor\urllib3\_collections.py,_collections.py,Benign,Benign
source\python-packages-1757595213589\source\pip\_vendor\urllib3\_version.py,_version.py,Vulnerable,CWE-89
source\python-packages-1757595213589\source\pip\_vendor\urllib3\__init__.py,__init__.py,Benign,Benign
source\python-packages-1757595213589\source\pip\_vendor\urllib3\contrib\appengine.py,appengine.py,Benign,Benign
source\python-packages-1757595213589\source\pip\_vendor\urllib3\contrib\ntlmpool.py,ntlmpool.py,Benign,Benign
source\python-packages-1757595213589\source\pip\_vendor\urllib3\contrib\pyopenssl.py,pyopenssl.py,Benign,Benign
source\python-packages-1757595213589\source\pip\_vendor\urllib3\contrib\securetransport.py,securetransport.py,Benign,Benign
source\python-packages-1757595213589\source\pip\_vendor\urllib3\contrib\socks.py,socks.py,Benign,Benign
source\python-packages-1757595213589\source\pip\_vendor\urllib3\contrib\_appengine_environ.py,_appengine_environ.py,Benign,Benign
source\python-packages-1757595213589\source\pip\_vendor\urllib3\contrib\__init__.py,__init__.py,Error,Error
source\python-packages-1757595213589\source\pip\_vendor\urllib3\contrib\_securetransport\bindings.py,bindings.py,Benign,Benign
source\python-packages-1757595213589\source\pip\_vendor\urllib3\contrib\_securetransport\low_level.py,low_level.py,Benign,Benign
source\python-packages-1757595213589\source\pip\_vendor\urllib3\contrib\_securetransport\__init__.py,__init__.py,Error,Error
source\python-packages-1757595213589\source\pip\_vendor\urllib3\packages\six.py,six.py,Benign,Benign
source\python-packages-1757595213589\source\pip\_vendor\urllib3\packages\__init__.py,__init__.py,Error,Error
source\python-packages-1757595213589\source\pip\_vendor\urllib3\packages\backports\makefile.py,makefile.py,Vulnerable,CWE-77
source\python-packages-1757595213589\source\pip\_vendor\urllib3\packages\backports\weakref_finalize.py,weakref_finalize.py,Benign,Benign
source\python-packages-1757595213589\source\pip\_vendor\urllib3\packages\backports\__init__.py,__init__.py,Error,Error
source\python-packages-1757595213589\source\pip\_vendor\urllib3\util\connection.py,connection.py,Benign,Benign
source\python-packages-1757595213589\source\pip\_vendor\urllib3\util\proxy.py,proxy.py,Benign,Benign
source\python-packages-1757595213589\source\pip\_vendor\urllib3\util\queue.py,queue.py,Benign,Benign
source\python-packages-1757595213589\source\pip\_vendor\urllib3\util\request.py,request.py,Benign,Benign
source\python-packages-1757595213589\source\pip\_vendor\urllib3\util\response.py,response.py,Benign,Benign
source\python-packages-1757595213589\source\pip\_vendor\urllib3\util\retry.py,retry.py,Benign,Benign
source\python-packages-1757595213589\source\pip\_vendor\urllib3\util\ssltransport.py,ssltransport.py,Benign,Benign
source\python-packages-1757595213589\source\pip\_vendor\urllib3\util\ssl_.py,ssl_.py,Benign,Benign
source\python-packages-1757595213589\source\pip\_vendor\urllib3\util\ssl_match_hostname.py,ssl_match_hostname.py,Benign,Benign
source\python-packages-1757595213589\source\pip\_vendor\urllib3\util\timeout.py,timeout.py,Benign,Benign
source\python-packages-1757595213589\source\pip\_vendor\urllib3\util\url.py,url.py,Benign,Benign
source\python-packages-1757595213589\source\pip\_vendor\urllib3\util\wait.py,wait.py,Benign,Benign
source\python-packages-1757595213589\source\pip\_vendor\urllib3\util\__init__.py,__init__.py,Benign,Benign
source\python-packages-1757595213589\source\uv\_find_uv.py,_find_uv.py,Benign,Benign
source\python-packages-1757595213589\source\uv\__init__.py,__init__.py,Benign,Benign
source\python-packages-1757595213589\source\uv\__main__.py,__main__.py,Benign,Benign
